name,short_name,title,category,year,venue,paper,github,huggingface,code_or_weights,verified_status,source
GeoKR,GeoKR,Geographical Knowledge-Driven Representation Learning for Remote Sensing Images,vision,2021,TGRS2021,https://ieeexplore.ieee.org/abstract/document/9559903,https://github.com/flyakon/Geographical-Knowledge-driven-Representaion-Learning,,https://github.com/flyakon/Geographical-Knowledge-driven-Representaion-Learning,link-reachable,https://github.com/Jack-bo1220/Awesome-Remote-Sensing-Foundation-Models
Self-Supervised Learning of Remote Sensing Scene Representations Using Contrastive Multiview Coding,,Self-Supervised Learning of Remote Sensing Scene Representations Using Contrastive Multiview Coding,vision,2021,CVPRW2021,https://openaccess.thecvf.com/content/CVPR2021W/EarthVision/html/Stojnic_Self-Supervised_Learning_of_Remote_Sensing_Scene_Representations_Using_Contrastive_Multiview_CVPRW_2021_paper.html,https://github.com/vladan-stojnic/CMC-RSSR,,https://github.com/vladan-stojnic/CMC-RSSR,link-reachable,https://github.com/Jack-bo1220/Awesome-Remote-Sensing-Foundation-Models
GASSL,GASSL,Geography-Aware Self-Supervised Learning,vision,2021,ICCV2021,https://openaccess.thecvf.com/content/ICCV2021/html/Ayush_Geography-Aware_Self-Supervised_Learning_ICCV_2021_paper.html,https://github.com/sustainlab-group/geography-aware-ssl,,https://github.com/sustainlab-group/geography-aware-ssl,link-reachable,https://github.com/Jack-bo1220/Awesome-Remote-Sensing-Foundation-Models
SeCo,SeCo,Seasonal Contrast: Unsupervised Pre-Training From Uncurated Remote Sensing Data,vision,2021,ICCV2021,https://openaccess.thecvf.com/content/ICCV2021/html/Manas_Seasonal_Contrast_Unsupervised_Pre-Training_From_Uncurated_Remote_Sensing_Data_ICCV_2021_paper.html,https://github.com/ServiceNow/seasonal-contrast,,https://github.com/ServiceNow/seasonal-contrast,link-reachable,https://github.com/Jack-bo1220/Awesome-Remote-Sensing-Foundation-Models
RSP,RSP,An Empirical Study of Remote Sensing Pretraining,vision,2022,TGRS2022,https://ieeexplore.ieee.org/abstract/document/9782149,https://github.com/ViTAE-Transformer/Remote-Sensing-RVSA,,https://github.com/ViTAE-Transformer/Remote-Sensing-RVSA,link-reachable,https://github.com/Jack-bo1220/Awesome-Remote-Sensing-Foundation-Models
MATTER,MATTER,Self-Supervised Material and Texture Representation Learning for Remote Sensing Tasks,vision,2022,CVPR2022,https://openaccess.thecvf.com/content/CVPR2022/html/Akiva_Self-Supervised_Material_and_Texture_Representation_Learning_for_Remote_Sensing_Tasks_CVPR_2022_paper.html,https://github.com/periakiva/MATTER,,https://github.com/periakiva/MATTER,link-reachable,https://github.com/Jack-bo1220/Awesome-Remote-Sensing-Foundation-Models
Self-supervised Vision Transformers for Land-cover Segmentation and Classification,,Self-supervised Vision Transformers for Land-cover Segmentation and Classification,vision,2022,CVPRW2022,https://openaccess.thecvf.com/content/CVPR2022W/EarthVision/html/Scheibenreif_Self-Supervised_Vision_Transformers_for_Land-Cover_Segmentation_and_Classification_CVPRW_2022_paper.html,https://github.com/HSG-AIML/SSLTransformerRS,,https://github.com/HSG-AIML/SSLTransformerRS,link-reachable,https://github.com/Jack-bo1220/Awesome-Remote-Sensing-Foundation-Models
DINO-MM,DINO-MM,Self-Supervised Vision Transformers for Joint SAR-Optical Representation Learning,vision,2022,IGARSS2022,https://doi.org/10.1109/igarss46834.2022.9883983,https://github.com/zhu-xlab/DINO-MM,,https://github.com/zhu-xlab/DINO-MM,link-reachable,https://github.com/Jack-bo1220/Awesome-Remote-Sensing-Foundation-Models
GeCo,GeCo,Geographical Supervision Correction for Remote Sensing Representation Learning,vision,2022,TGRS2022,https://ieeexplore.ieee.org/abstract/document/9869651,https://github.com/GeoX-Lab/G-RSIM,,https://github.com/GeoX-Lab/G-RSIM,link-reachable,https://github.com/Jack-bo1220/Awesome-Remote-Sensing-Foundation-Models
RingMo,RingMo,RingMo: A remote sensing foundation model with masked image modeling,vision,2022,TGRS2022,https://ieeexplore.ieee.org/abstract/document/9844015,https://github.com/comeony/RingMo,,https://github.com/comeony/RingMo,link-reachable,https://github.com/Jack-bo1220/Awesome-Remote-Sensing-Foundation-Models
RS-BYOL,RS-BYOL,Self-Supervised Learning for Invariant Representations From Multi-Spectral and SAR Images,vision,2022,JSTARS2022,https://ieeexplore.ieee.org/abstract/document/9880533,,,https://ieeexplore.ieee.org/abstract/document/9880533,link-reachable,https://github.com/Jack-bo1220/Awesome-Remote-Sensing-Foundation-Models
CSPT,CSPT,Consecutive Pre-Training: A Knowledge Transfer Learning Strategy with Relevant Unlabeled Data for Remote Sensing Domain,vision,2022,RS2022,https://www.mdpi.com/2072-4292/14/22/5675#,https://github.com/ZhAnGToNG1/transfer_learning_cspt,,https://github.com/ZhAnGToNG1/transfer_learning_cspt,link-reachable,https://github.com/Jack-bo1220/Awesome-Remote-Sensing-Foundation-Models
RVSA,RVSA,Advancing plain vision transformer toward remote sensing foundation model,vision,2022,TGRS2022,https://ieeexplore.ieee.org/abstract/document/9956816,https://github.com/ViTAE-Transformer/Remote-Sensing-RVSA,,https://github.com/ViTAE-Transformer/Remote-Sensing-RVSA,link-reachable,https://github.com/Jack-bo1220/Awesome-Remote-Sensing-Foundation-Models
SatMAE,SatMAE,SatMAE: Pre-training Transformers for Temporal and Multi-Spectral Satellite Imagery,vision,2022,NeurIPS2022,https://proceedings.neurips.cc/paper_files/paper/2022/hash/01c561df365429f33fcd7a7faa44c985-Abstract-Conference.html,https://github.com/sustainlab-group/SatMAE,,https://github.com/sustainlab-group/SatMAE,link-reachable,https://github.com/Jack-bo1220/Awesome-Remote-Sensing-Foundation-Models
DINO-MC,DINO-MC,Extending Global-Local View Alignment for Self-Supervised Learning with Remote Sensing Imagery,vision,2023,Arxiv2023,https://arxiv.org/abs/2303.06670,https://github.com/WennyXY/DINO-MC,,https://github.com/WennyXY/DINO-MC,link-reachable,https://github.com/Jack-bo1220/Awesome-Remote-Sensing-Foundation-Models
CMID,CMID,CMID: A Unified Self-Supervised Learning Framework for Remote Sensing Image Understanding,vision,2023,TGRS2023,https://ieeexplore.ieee.org/abstract/document/10105625,https://github.com/NJU-LHRS/official-CMID,,https://github.com/NJU-LHRS/official-CMID,link-reachable,https://github.com/Jack-bo1220/Awesome-Remote-Sensing-Foundation-Models
Presto,Presto,"Lightweight, Pre-trained Transformers for Remote Sensing Timeseries",vision,2023,Arxiv2023,https://arxiv.org/abs/2304.14065,https://github.com/nasaharvest/presto,,https://github.com/nasaharvest/presto,link-reachable,https://github.com/Jack-bo1220/Awesome-Remote-Sensing-Foundation-Models
AST,AST,AST: Adaptive Self-supervised Transformer for Optical Remote Sensing Representation,vision,2023,ISPRS JPRS2023,https://doi.org/10.1016/j.isprsjprs.2023.04.003,,,,link-reachable,https://github.com/Jack-bo1220/Awesome-Remote-Sensing-Foundation-Models
TOV,TOV,TOV: The original vision model for optical remote sensing image understanding via self-supervised learning,vision,2023,JSTARS2023,https://ieeexplore.ieee.org/abstract/document/10110958,https://github.com/GeoX-Lab/G-RSIM/tree/main/TOV_v1,,https://github.com/GeoX-Lab/G-RSIM/tree/main/TOV_v1,link-reachable,https://github.com/Jack-bo1220/Awesome-Remote-Sensing-Foundation-Models
CACo,CACo,Change-Aware Sampling and Contrastive Learning for Satellite Images,vision,2023,CVPR2023,https://openaccess.thecvf.com/content/CVPR2023/html/Mall_Change-Aware_Sampling_and_Contrastive_Learning_for_Satellite_Images_CVPR_2023_paper.html,https://github.com/utkarshmall13/CACo,,https://github.com/utkarshmall13/CACo,link-reachable,https://github.com/Jack-bo1220/Awesome-Remote-Sensing-Foundation-Models
IaI-SimCLR,IaI-SimCLR,Multi-Modal Multi-Objective Contrastive Learning for Sentinel-1/2 Imagery,vision,2023,CVPRW2023,https://openaccess.thecvf.com/content/CVPR2023W/EarthVision/html/Prexl_Multi-Modal_Multi-Objective_Contrastive_Learning_for_Sentinel-12_Imagery_CVPRW_2023_paper.html,,,,link-reachable,https://github.com/Jack-bo1220/Awesome-Remote-Sensing-Foundation-Models
A Self-Supervised Cross-Modal Remote Sensing Foundation Model with Multi-Domain Representation and Cross-Domain Fusion,,A Self-Supervised Cross-Modal Remote Sensing Foundation Model with Multi-Domain Representation and Cross-Domain Fusion,vision,2023,IGARSS2023,https://ieeexplore.ieee.org/abstract/document/10282433,,,,link-reachable,https://github.com/Jack-bo1220/Awesome-Remote-Sensing-Foundation-Models
SatLas,SatLas,SatlasPretrain: A Large-Scale Dataset for Remote Sensing Image Understanding,vision,2023,ICCV2023,https://doi.org/10.1109/iccv51070.2023.01538,https://github.com/allenai/satlas,,https://github.com/allenai/satlas,link-reachable,https://github.com/Jack-bo1220/Awesome-Remote-Sensing-Foundation-Models
GFM,GFM,Towards Geospatial Foundation Models via Continual Pretraining,vision,2023,ICCV2023,https://doi.org/10.1109/iccv51070.2023.01541,https://github.com/mmendiet/GFM,,https://github.com/mmendiet/GFM,link-reachable,https://github.com/Jack-bo1220/Awesome-Remote-Sensing-Foundation-Models
Scale-MAE,Scale-MAE,Scale-MAE: A Scale-Aware Masked Autoencoder for Multiscale Geospatial Representation Learning,vision,2023,ICCV2023,https://doi.org/10.1109/iccv51070.2023.00378,https://github.com/bair-climate-initiative/scale-mae,,https://github.com/bair-climate-initiative/scale-mae,link-reachable,https://github.com/Jack-bo1220/Awesome-Remote-Sensing-Foundation-Models
Prithvi,Prithvi,Foundation Models for Generalist Geospatial Artificial Intelligence,vision,2023,Arxiv2023,https://arxiv.org/abs/2310.18660,,https://huggingface.co/ibm-nasa-geospatial,https://huggingface.co/ibm-nasa-geospatial,link-reachable,https://github.com/Jack-bo1220/Awesome-Remote-Sensing-Foundation-Models
RingMo-Sense,RingMo-Sense,RingMo-Sense: Remote Sensing Foundation Model for Spatiotemporal Prediction via Spatiotemporal Evolution Disentangling,vision,2023,TGRS2023,https://ieeexplore.ieee.org/abstract/document/10254320,,,,link-reachable,https://github.com/Jack-bo1220/Awesome-Remote-Sensing-Foundation-Models
EarthPT,EarthPT,EarthPT: a time series foundation model for Earth Observation,vision,2023,NeurIPS2023 CCAI workshop,https://arxiv.org/abs/2309.07207,https://github.com/aspiaspace/EarthPT,,https://github.com/aspiaspace/EarthPT,link-reachable,https://github.com/Jack-bo1220/Awesome-Remote-Sensing-Foundation-Models
CROMA,CROMA,CROMA: Remote Sensing Representations with Contrastive Radar-Optical Masked Autoencoders,vision,2023,NeurIPS2023,https://arxiv.org/abs/2311.00566,https://github.com/antofuller/CROMA,,https://github.com/antofuller/CROMA,link-reachable,https://github.com/Jack-bo1220/Awesome-Remote-Sensing-Foundation-Models
Cross-Scale MAE,Cross-Scale MAE,Cross-Scale MAE: A Tale of Multiscale Exploitation in Remote Sensing,vision,2023,NeurIPS2023,https://openreview.net/pdf?id=5oEVdOd6TV,https://github.com/aicip/Cross-Scale-MAE,,https://github.com/aicip/Cross-Scale-MAE,link-reachable,https://github.com/Jack-bo1220/Awesome-Remote-Sensing-Foundation-Models
USat,USat,USat: A Unified Self-Supervised Encoder for Multi-Sensor Satellite Imagery,vision,2023,Arxiv2023,https://arxiv.org/abs/2312.02199,https://github.com/stanfordmlgroup/USat,,https://github.com/stanfordmlgroup/USat,link-reachable,https://github.com/Jack-bo1220/Awesome-Remote-Sensing-Foundation-Models
AIEarth,AIEarth,Analytical Insight of Earth: A Cloud-Platform of Intelligent Computing for Geospatial Big Data,vision,2023,Arxiv2023,https://arxiv.org/abs/2312.16385,,,https://engine-aiearth.aliyun.com/#/,link-reachable,https://github.com/Jack-bo1220/Awesome-Remote-Sensing-Foundation-Models
GeRSP,GeRSP,Generic Knowledge Boosted Pretraining for Remote Sensing Images,vision,2024,TGRS2024,https://doi.org/10.1109/tgrs.2024.3354031,https://github.com/floatingstarZ/GeRSP,,https://github.com/floatingstarZ/GeRSP,link-reachable,https://github.com/Jack-bo1220/Awesome-Remote-Sensing-Foundation-Models
SMLFR,SMLFR,Generative ConvNet Foundation Model With Sparse Modeling and Low-Frequency Reconstruction for Remote Sensing Image Interpretation,vision,2024,TGRS2024,https://ieeexplore.ieee.org/abstract/document/10378718,https://github.com/HIT-SIRS/SMLFR,,https://github.com/HIT-SIRS/SMLFR,link-reachable,https://github.com/Jack-bo1220/Awesome-Remote-Sensing-Foundation-Models
RingMo-lite,RingMo-lite,RingMo-Lite: A Remote Sensing Lightweight Network With CNN-Transformer Hybrid Framework,vision,2024,IEEE TGRS2024,https://doi.org/10.1109/tgrs.2024.3360447,,,,link-reachable,https://github.com/Jack-bo1220/Awesome-Remote-Sensing-Foundation-Models
U-BARN,U-BARN,Self-Supervised Spatio-Temporal Representation Learning of Satellite Image Time Series,vision,2024,JSTARS2024,https://ieeexplore.ieee.org/document/10414422,,,https://src.koda.cnrs.fr/iris.dumeur/ssl_ubarn,link-reachable,https://github.com/Jack-bo1220/Awesome-Remote-Sensing-Foundation-Models
SpectralGPT,SpectralGPT,SpectralGPT: Spectral Remote Sensing Foundation Model,vision,2024,TPAMI2024,https://doi.org/10.1109/tpami.2024.3362475,https://github.com/danfenghong/IEEE_TPAMI_SpectralGPT,,https://github.com/danfenghong/IEEE_TPAMI_SpectralGPT,link-reachable,https://github.com/Jack-bo1220/Awesome-Remote-Sensing-Foundation-Models
SwiMDiff,SwiMDiff,SwiMDiff: Scene-Wide Matching Contrastive Learning With Diffusion Constraint for Remote Sensing Image,vision,2024,TGRS2024,https://doi.org/10.1109/tgrs.2024.3371481,,,,link-reachable,https://github.com/Jack-bo1220/Awesome-Remote-Sensing-Foundation-Models
DOFA,DOFA,Neural Plasticity-Inspired Multimodal Foundation Model for Earth Observation,vision,2024,Arxiv2024,https://arxiv.org/abs/2403.15356,https://github.com/zhu-xlab/DOFA,,https://github.com/zhu-xlab/DOFA,link-reachable,https://github.com/Jack-bo1220/Awesome-Remote-Sensing-Foundation-Models
Masked Feature Modeling for Generative Self-Supervised Representation Learning of High-Resolution Remote Sensing Images,,Masked Feature Modeling for Generative Self-Supervised Representation Learning of High-Resolution Remote Sensing Images,vision,2024,IEEE JSTARS2024,https://doi.org/10.1109/jstars.2024.3385420,,,,link-reachable,https://github.com/Jack-bo1220/Awesome-Remote-Sensing-Foundation-Models
BFM,BFM,A Billion-scale Foundation Model for Remote Sensing Images,vision,2024,IEEE JSTARS2024,https://doi.org/10.1109/jstars.2024.3401772,,,,link-reachable,https://github.com/Jack-bo1220/Awesome-Remote-Sensing-Foundation-Models
Clay,Clay,Clay Foundation Model,vision,2024,Arxiv2024,,,,https://clay-foundation.github.io/model/,link-reachable,https://github.com/Jack-bo1220/Awesome-Remote-Sensing-Foundation-Models
Hydro,Hydro,Hydro--A Foundation Model for Water in Satellite Imagery,vision,2024,Arxiv2024,,https://github.com/isaaccorley/hydro-foundation-model,,https://github.com/isaaccorley/hydro-foundation-model,link-reachable,https://github.com/Jack-bo1220/Awesome-Remote-Sensing-Foundation-Models
S2MAE,S2MAE,S2MAE: A Spatial-Spectral Pretraining Foundation Model for Spectral Remote Sensing Data,vision,2024,CVPR2024,https://openaccess.thecvf.com/content/CVPR2024/papers/Li_S2MAE_A_Spatial-Spectral_Pretraining_Foundation_Model_for_Spectral_Remote_Sensing_CVPR_2024_paper.pdf,,,,link-reachable,https://github.com/Jack-bo1220/Awesome-Remote-Sensing-Foundation-Models
SatMAE++,SatMAE++,Rethinking Transformers Pre-training for Multi-Spectral Satellite Imagery,vision,2024,CVPR2024,https://doi.org/10.1109/cvpr52733.2024.02627,https://github.com/techmn/satmae_pp,,https://github.com/techmn/satmae_pp,link-reachable,https://github.com/Jack-bo1220/Awesome-Remote-Sensing-Foundation-Models
msGFM,msGFM,Bridging Remote Sensors with Multisensor Geospatial Foundation Models,vision,2024,CVPR2024,https://doi.org/10.1109/cvpr52733.2024.02631,https://github.com/boranhan/Geospatial_Foundation_Models,,https://github.com/boranhan/Geospatial_Foundation_Models,link-reachable,https://github.com/Jack-bo1220/Awesome-Remote-Sensing-Foundation-Models
SkySense,SkySense,SkySense: A Multi-Modal Remote Sensing Foundation Model Towards Universal Interpretation for Earth Observation Imagery,vision,2024,CVPR2024,https://openaccess.thecvf.com/content/CVPR2024/html/Guo_SkySense_A_Multi-Modal_Remote_Sensing_Foundation_Model_Towards_Universal_Interpretation_CVPR_2024_paper.html,https://github.com/Jack-bo1220/SkySense,,https://github.com/Jack-bo1220/SkySense,link-reachable,https://github.com/Jack-bo1220/Awesome-Remote-Sensing-Foundation-Models
MTP,MTP,MTP: Advancing Remote Sensing Foundation Model via Multi-Task Pretraining,vision,2024,IEEE JSTARS2024,https://doi.org/10.1109/jstars.2024.3408154,https://github.com/ViTAE-Transformer/MTP,,https://github.com/ViTAE-Transformer/MTP,link-reachable,https://github.com/Jack-bo1220/Awesome-Remote-Sensing-Foundation-Models
RS-DFM,RS-DFM,RS-DFM: A Remote Sensing Distributed Foundation Model for Diverse Downstream Tasks,vision,2024,Arxiv2024,https://arxiv.org/abs/2406.07032,,,,link-reachable,https://github.com/Jack-bo1220/Awesome-Remote-Sensing-Foundation-Models
OFA-Net,OFA-Net,One for All: Toward Unified Foundation Models for Earth Vision,vision,2024,IGARSS2024,https://doi.org/10.1109/igarss53475.2024.10641637,,,,link-reachable,https://github.com/Jack-bo1220/Awesome-Remote-Sensing-Foundation-Models
Lightweight and Efficient: A Family of Multimodal Earth Observation Foundation Models,,Lightweight and Efficient: A Family of Multimodal Earth Observation Foundation Models,vision,2024,IGARSS2024,https://doi.org/10.1109/igarss53475.2024.10641132,,,,link-reachable,https://github.com/Jack-bo1220/Awesome-Remote-Sensing-Foundation-Models
MM-VSF,MM-VSF,Towards Knowledge Guided Pretraining Approaches for Multimodal Foundation Models: Applications in Remote Sensing,vision,2024,Arxiv2024,https://arxiv.org/abs/2407.19660,,,,link-reachable,https://github.com/Jack-bo1220/Awesome-Remote-Sensing-Foundation-Models
LeMeViT,LeMeViT,LeMeViT: Efficient Vision Transformer with Learnable Meta Tokens for Remote Sensing Image Interpretation,vision,2024,IJCAI2024,https://arxiv.org/abs/2405.09789,https://github.com/ViTAE-Transformer/LeMeViT/tree/main?tab=readme-ov-file,,https://github.com/ViTAE-Transformer/LeMeViT/tree/main?tab=readme-ov-file,link-reachable,https://github.com/Jack-bo1220/Awesome-Remote-Sensing-Foundation-Models
SAR-JEPA,SAR-JEPA,Predicting Gradient is Better: Exploring Self-Supervised Learning for SAR ATR with a Joint-Embedding Predictive Architecture,vision,2024,ISPRS JPRS2024,https://www.sciencedirect.com/science/article/pii/S0924271624003514,https://github.com/waterdisappear/SAR-JEPA,,https://github.com/waterdisappear/SAR-JEPA,link-reachable,https://github.com/Jack-bo1220/Awesome-Remote-Sensing-Foundation-Models
DeCUR,DeCUR,DeCUR: decoupling common & unique representations for multimodal self-supervision,vision,2024,ECCV2024,https://doi.org/10.1007/978-3-031-73397-0_17,https://github.com/zhu-xlab/DeCUR,,https://github.com/zhu-xlab/DeCUR,link-reachable,https://github.com/Jack-bo1220/Awesome-Remote-Sensing-Foundation-Models
MMEarth,MMEarth,MMEarth: Exploring Multi-Modal Pretext Tasks For Geospatial Representation Learning,vision,2024,ECCV2024,https://doi.org/10.1007/978-3-031-73039-9_10,,,https://vishalned.github.io/mmearth/,link-reachable,https://github.com/Jack-bo1220/Awesome-Remote-Sensing-Foundation-Models
OmniSat,OmniSat,OmniSat: Self-Supervised Modality Fusion for Earth Observation,vision,2024,ECCV2024,https://doi.org/10.1007/978-3-031-73390-1_24,https://github.com/gastruc/OmniSat?tab=readme-ov-file,,https://github.com/gastruc/OmniSat?tab=readme-ov-file,link-reachable,https://github.com/Jack-bo1220/Awesome-Remote-Sensing-Foundation-Models
MA3E,MA3E,Masked Angle-Aware Autoencoder for Remote Sensing Images,vision,2024,ECCV2024,https://doi.org/10.1007/978-3-031-73242-3_15,https://github.com/benesakitam/MA3E,,https://github.com/benesakitam/MA3E,link-reachable,https://github.com/Jack-bo1220/Awesome-Remote-Sensing-Foundation-Models
SoftCon,SoftCon,Multi-Label Guided Soft Contrastive Learning for Efficient Earth Observation Pretraining,vision,2024,TGRS2024,https://ieeexplore.ieee.org/abstract/document/10726860,https://github.com/zhu-xlab/softcon?tab=readme-ov-file,,https://github.com/zhu-xlab/softcon?tab=readme-ov-file,link-reachable,https://github.com/Jack-bo1220/Awesome-Remote-Sensing-Foundation-Models
PIS,PIS,Pretrain a Remote Sensing Foundation Model by Promoting Intra-instance Similarity,vision,2024,TGRS2024,https://ieeexplore.ieee.org/abstract/document/10697182,https://github.com/ShawnAn-WHU/PIS,,https://github.com/ShawnAn-WHU/PIS,link-reachable,https://github.com/Jack-bo1220/Awesome-Remote-Sensing-Foundation-Models
FG-MAE,FG-MAE,Feature Guided Masked Autoencoder for Self-Supervised Learning in Remote Sensing,vision,2024,IEEE JSTARS2024,https://doi.org/10.1109/jstars.2024.3493237,https://github.com/zhu-xlab/FGMAE,,https://github.com/zhu-xlab/FGMAE,link-reachable,https://github.com/Jack-bo1220/Awesome-Remote-Sensing-Foundation-Models
A Multimodal Unified Representation Learning Framework With Masked Image Modeling for Remote Sensing Images,,A Multimodal Unified Representation Learning Framework With Masked Image Modeling for Remote Sensing Images,vision,2024,IEEE TGRS2024,https://doi.org/10.1109/tgrs.2024.3494244,,,,link-reachable,https://github.com/Jack-bo1220/Awesome-Remote-Sensing-Foundation-Models
OReole-FM,OReole-FM,OReole-FM: successes and challenges toward billion-parameter foundation models for high-resolution satellite imagery,vision,2024,SIGSPATIAL2024,https://doi.org/10.1145/3678717.3691292,,,,link-reachable,https://github.com/Jack-bo1220/Awesome-Remote-Sensing-Foundation-Models
SatVision-TOA,SatVision-TOA,SatVision-TOA: A Geospatial Foundation Model for Coarse-Resolution All-Sky Remote Sensing Imagery,vision,2024,Arxiv2024,https://arxiv.org/abs/2411.17000,https://github.com/nasa-nccs-hpda/pytorch-caney,,https://github.com/nasa-nccs-hpda/pytorch-caney,link-reachable,https://github.com/Jack-bo1220/Awesome-Remote-Sensing-Foundation-Models
Prithvi-EO-2.0,Prithvi-EO-2.0,Prithvi-EO-2.0: A Versatile Multi-Temporal Foundation Model for Earth Observation Applications,vision,2024,Arxiv2024,https://arxiv.org/abs/2412.02732,,https://huggingface.co/ibm-nasa-geospatial/Prithvi-EO-2.0-300M,https://huggingface.co/ibm-nasa-geospatial/Prithvi-EO-2.0-300M,link-reachable,https://github.com/Jack-bo1220/Awesome-Remote-Sensing-Foundation-Models
A2-MAE,A2-MAE,A2-MAE: A spatial-temporal-spectral unified remote sensing pre-training method based on anchor-aware masked autoencoder,vision,2025,IEEE TGRS2025,https://doi.org/10.1109/tgrs.2025.3571123,,,,link-reachable,https://github.com/Jack-bo1220/Awesome-Remote-Sensing-Foundation-Models
FoMo,FoMo,"FoMo: Multi-Modal, Multi-Scale and Multi-Task Remote Sensing Foundation Models for Forest Monitoring",vision,2025,AAAI2025,https://doi.org/10.1609/aaai.v39i27.35002,https://github.com/RolnickLab/FoMo-Bench,,https://github.com/RolnickLab/FoMo-Bench,link-reachable,https://github.com/Jack-bo1220/Awesome-Remote-Sensing-Foundation-Models
PIEViT,PIEViT,Pattern Integration and Enhancement Vision Transformer for Self-Supervised Learning in Remote Sensing,vision,2025,IEEE TGRS2025,https://doi.org/10.1109/tgrs.2025.3541390,,,,link-reachable,https://github.com/Jack-bo1220/Awesome-Remote-Sensing-Foundation-Models
SARATR-X,SARATR-X,SARATR-X: Toward Building a Foundation Model for SAR Target Recognition,vision,2025,IEEE TIP2025,https://ieeexplore.ieee.org/abstract/document/10856784,https://github.com/waterdisappear/SARATR-X,,https://github.com/waterdisappear/SARATR-X,link-reachable,https://github.com/Jack-bo1220/Awesome-Remote-Sensing-Foundation-Models
SatMamba,SatMamba,SatMamba: Development of Foundation Models for Remote Sensing Imagery Using State Space Models,vision,2025,Arxiv2025,https://arxiv.org/abs/2502.00435,https://github.com/mdchuc/HRSFM,,https://github.com/mdchuc/HRSFM,link-reachable,https://github.com/Jack-bo1220/Awesome-Remote-Sensing-Foundation-Models
DynamicVis,DynamicVis,DynamicVis: Dynamic Visual Perception for Efficient Remote Sensing Foundation Models,vision,2025,Arxiv2025,https://arxiv.org/abs/2503.16426,https://github.com/KyanChen/DynamicVis,,https://github.com/KyanChen/DynamicVis,link-reachable,https://github.com/Jack-bo1220/Awesome-Remote-Sensing-Foundation-Models
SUMMIT,SUMMIT,SUMMIT: A SAR foundation model with multiple auxiliary tasks enhanced intrinsic characteristics,vision,2025,IJAEO2025,https://doi.org/10.1016/j.jag.2025.104624,,,,link-reachable,https://github.com/Jack-bo1220/Awesome-Remote-Sensing-Foundation-Models
SenPa-MAE,SenPa-MAE,SenPa-MAE: Sensor Parameter Aware Masked Autoencoder for Multi-Satellite Self-Supervised Pretraining,vision,2025,LNCS2025,https://doi.org/10.1007/978-3-031-85187-2_20,https://github.com/JonathanPrexl/SenPa-MAE,,https://github.com/JonathanPrexl/SenPa-MAE,link-reachable,https://github.com/Jack-bo1220/Awesome-Remote-Sensing-Foundation-Models
HyperSIGMA,HyperSIGMA,HyperSIGMA: Hyperspectral Intelligence Comprehension Foundation Model,vision,2025,IEEE TPAMI2025,https://arxiv.org/abs/2406.11519,https://github.com/WHU-Sigma/HyperSIGMA?tab=readme-ov-file,,https://github.com/WHU-Sigma/HyperSIGMA?tab=readme-ov-file,link-reachable,https://github.com/Jack-bo1220/Awesome-Remote-Sensing-Foundation-Models
HyperSL,HyperSL,HyperSL: A Spectral Foundation Model for Hyperspectral Image Interpretation,vision,2025,IEEE TGRS2025,https://ieeexplore.ieee.org/abstract/document/10981753,https://github.com/kkweil/HyperSL,,https://github.com/kkweil/HyperSL,link-reachable,https://github.com/Jack-bo1220/Awesome-Remote-Sensing-Foundation-Models
TiMo,TiMo,TiMo: Spatiotemporal Foundation Model for Satellite Image Time Series,vision,2025,Arxiv2025,https://arxiv.org/abs/2505.08723,https://github.com/MiliLab/TiMo,,https://github.com/MiliLab/TiMo,link-reachable,https://github.com/Jack-bo1220/Awesome-Remote-Sensing-Foundation-Models
Panopticon,Panopticon,Panopticon: Advancing Any-Sensor Foundation Models for Earth Observation,vision,2025,CVPRW2025 (EarthVision Best Paper),https://arxiv.org/abs/2503.10845,https://github.com/Panopticon-FM/panopticon,,https://github.com/Panopticon-FM/panopticon,link-reachable,https://github.com/Jack-bo1220/Awesome-Remote-Sensing-Foundation-Models
HyperFree,HyperFree,HyperFree: A Channel-adaptive and Tuning-free Foundation Model for Hyperspectral Remote Sensing Imagery,vision,2025,CVPR2025,https://rsidea.whu.edu.cn/HyperFree.pdf,https://github.com/Jingtao-Li-CVer/HyperFree,,https://github.com/Jingtao-Li-CVer/HyperFree,link-reachable,https://github.com/Jack-bo1220/Awesome-Remote-Sensing-Foundation-Models
SpectralEarth,SpectralEarth,SpectralEarth: Training Hyperspectral Foundation Models at Scale,vision,2025,IEEE JSTARS2025,https://doi.org/10.1109/jstars.2025.3581451,https://github.com/zhu-xlab/softcon,,https://github.com/zhu-xlab/softcon,link-reachable,https://github.com/Jack-bo1220/Awesome-Remote-Sensing-Foundation-Models
WV-Net,WV-Net,WV-Net: A foundation model for SAR WV-mode satellite imagery trained using contrastive self-supervised learning on 10 million images,vision,2025,AIES2025,https://arxiv.org/abs/2406.18765,,,,link-reachable,https://github.com/Jack-bo1220/Awesome-Remote-Sensing-Foundation-Models
AnySat,AnySat,"AnySat: One Earth Observation Model for Many Resolutions, Scales, and Modalities",vision,2025,CVPR2025,https://arxiv.org/abs/2412.14123,https://github.com/gastruc/AnySat,,https://github.com/gastruc/AnySat,link-reachable,https://github.com/Jack-bo1220/Awesome-Remote-Sensing-Foundation-Models
TerraFM,TerraFM,TerraFM: A Scalable Foundation Model for Unified Multisensor Earth Observation,vision,2025,Arxiv2025,https://arxiv.org/abs/2506.06281,https://github.com/mbzuai-oryx/TerraFM,,https://github.com/mbzuai-oryx/TerraFM,link-reachable,https://github.com/Jack-bo1220/Awesome-Remote-Sensing-Foundation-Models
Galileo,Galileo,Galileo: Learning Global & Local Features of Many Remote Sensing Modalities,vision,2025,ICML2025 TerraBytes Workshop,https://arxiv.org/abs/2502.09356,https://github.com/nasaharvest/galileo,,https://github.com/nasaharvest/galileo,link-reachable,https://github.com/Jack-bo1220/Awesome-Remote-Sensing-Foundation-Models
DeepAndes,DeepAndes,DeepAndes: A Self-Supervised Vision Foundation Model for Multispectral Remote Sensing Imagery of the Andes,vision,2025,IEEE JSTARS2025,https://doi.org/10.1109/jstars.2025.3619423,https://github.com/geopacha/DeepAndes,,https://github.com/geopacha/DeepAndes,link-reachable,https://github.com/Jack-bo1220/Awesome-Remote-Sensing-Foundation-Models
RingMamba,RingMamba,RingMamba: Remote Sensing Multisensor Pretraining With Visual State Space Model,vision,2025,IEEE TGRS2025,https://doi.org/10.1109/tgrs.2025.3603998,https://github.com/ningerhhh/RIFR,,https://github.com/ningerhhh/RIFR,link-reachable,https://github.com/Jack-bo1220/Awesome-Remote-Sensing-Foundation-Models
RingMo-Aerial,RingMo-Aerial,RingMo-Aerial: An Aerial Remote Sensing Foundation Model With Affine Transformation Contrastive Learning,vision,2025,IEEE TPAMI2025,https://doi.org/10.1109/tpami.2025.3602237,,,,link-reachable,https://github.com/Jack-bo1220/Awesome-Remote-Sensing-Foundation-Models
SeaMo,SeaMo,SeaMo: A Multi-Seasonal and Multimodal Remote Sensing Foundation Model,vision,2025,Information Fusion2025,https://www.sciencedirect.com/science/article/pii/S1566253525004075,,,,link-reachable,https://github.com/Jack-bo1220/Awesome-Remote-Sensing-Foundation-Models
MoSAiC,MoSAiC,MoSAiC: Multi-Modal Multi-Label Supervision-Aware Contrastive Learning for Remote Sensing,vision,2025,IEEE Sensors Journal 2025,https://arxiv.org/abs/2507.08683,,,,link-reachable,https://github.com/Jack-bo1220/Awesome-Remote-Sensing-Foundation-Models
CGEarthEye,CGEarthEye,CGEarthEye: A High-Resolution Remote Sensing Vision Foundation Model Based on the Jilin-1 Satellite Constellation,vision,2025,Arxiv2025,https://arxiv.org/abs/2507.00356,,,,link-reachable,https://github.com/Jack-bo1220/Awesome-Remote-Sensing-Foundation-Models
AlphaEarth,AlphaEarth,AlphaEarth Foundations: An embedding field model for accurate and efficient global mapping from sparse label data,vision,2025,Arxiv2025,https://arxiv.org/abs/2507.22291,,,https://deepmind.google/blog/alphaearth-foundations-helps-map-our-planet-in-unprecedented-detail/,link-reachable,https://github.com/Jack-bo1220/Awesome-Remote-Sensing-Foundation-Models
SkySense++,SkySense++,A semantic-enhanced multi-modal remote sensing foundation model for Earth observation,vision,2025,Nature Machine Intelligence 2025,https://www.nature.com/articles/s42256-025-01078-8,https://github.com/kang-wu/SkySensePlusPlus?tab=readme-ov-file,,https://github.com/kang-wu/SkySensePlusPlus?tab=readme-ov-file,link-reachable,https://github.com/Jack-bo1220/Awesome-Remote-Sensing-Foundation-Models
CtxMIM,CtxMIM,CtxMIM: Context-Enhanced Masked Image Modeling for Remote Sensing Image Understanding,vision,2025,ACM TOMM2025,https://doi.org/10.1145/3769084,,,,link-reachable,https://github.com/Jack-bo1220/Awesome-Remote-Sensing-Foundation-Models
ViTP,ViTP,Visual Instruction Pretraining for Domain-Specific Foundation Models,vision,2025,Arxiv2025,https://arxiv.org/abs/2509.17562,,https://huggingface.co/GreatBird/ViTP,https://huggingface.co/GreatBird/ViTP,link-reachable,https://github.com/Jack-bo1220/Awesome-Remote-Sensing-Foundation-Models
SatDiFuser,SatDiFuser,Can Generative Geospatial Diffusion Models Excel as Discriminative Geospatial Foundation Models?,vision,2025,ICCV2025,https://arxiv.org/abs/2503.07890,https://github.com/yurujaja/SatDiFuser,,https://github.com/yurujaja/SatDiFuser,link-reachable,https://github.com/Jack-bo1220/Awesome-Remote-Sensing-Foundation-Models
FedSense,FedSense,Towards Privacy-preserved Pre-training of Remote Sensing Foundation Models with Federated Mutual-guidance Learning,vision,2025,ICCV2025,https://arxiv.org/abs/2503.11051,,,,link-reachable,https://github.com/Jack-bo1220/Awesome-Remote-Sensing-Foundation-Models
Copernicus-FM,Copernicus-FM,Towards a Unified Copernicus Foundation Model for Earth Vision,vision,2025,ICCV2025,https://arxiv.org/abs/2503.11849,https://github.com/zhu-xlab/Copernicus-FM,,https://github.com/zhu-xlab/Copernicus-FM,link-reachable,https://github.com/Jack-bo1220/Awesome-Remote-Sensing-Foundation-Models
TerraMind,TerraMind,TerraMind: Large-Scale Generative Multimodality for Earth Observation,vision,2025,ICCV2025,https://arxiv.org/abs/2504.11171,https://github.com/IBM/terramind,,https://github.com/IBM/terramind,link-reachable,https://github.com/Jack-bo1220/Awesome-Remote-Sensing-Foundation-Models
SelectiveMAE,SelectiveMAE,Harnessing Massive Satellite Imagery with Efficient Masked Image Modeling,vision,2025,ICCV2025,https://arxiv.org/abs/2406.11933,https://github.com/Fengxiang23/SelectiveMAE,,https://github.com/Fengxiang23/SelectiveMAE,link-reachable,https://github.com/Jack-bo1220/Awesome-Remote-Sensing-Foundation-Models
SMARTIES,SMARTIES,SMARTIES: Spectrum-Aware Multi-Sensor Auto-Encoder for Remote Sensing Images,vision,2025,ICCV2025,https://arxiv.org/abs/2506.19585,,,https://gsumbul.github.io/SMARTIES/,link-reachable,https://github.com/Jack-bo1220/Awesome-Remote-Sensing-Foundation-Models
SkySense V2,SkySense V2,SkySense V2: A Unified Foundation Model for Multi-modal Remote Sensing,vision,2025,ICCV2025,https://arxiv.org/abs/2507.13812,,,,link-reachable,https://github.com/Jack-bo1220/Awesome-Remote-Sensing-Foundation-Models
RS-vHeat,RS-vHeat,RS-vHeat: Heat Conduction Guided Efficient Remote Sensing Foundation Model,vision,2025,ICCV2025,https://arxiv.org/abs/2411.17984,,,,link-reachable,https://github.com/Jack-bo1220/Awesome-Remote-Sensing-Foundation-Models
RoMA,RoMA,RoMA: Scaling up Mamba-based Foundation Models for Remote Sensing,vision,2025,NeurIPS2025,https://arxiv.org/abs/2503.10392,https://github.com/MiliLab/RoMA,,https://github.com/MiliLab/RoMA,link-reachable,https://github.com/Jack-bo1220/Awesome-Remote-Sensing-Foundation-Models
GeoLink,GeoLink,GeoLink: Empowering Remote Sensing Foundation Model with OpenStreetMap Data,vision,2025,NeurIPS2025,https://arxiv.org/abs/2509.26016,https://github.com/bailubin/GeoLink_NeurIPS2025,,https://github.com/bailubin/GeoLink_NeurIPS2025,link-reachable,https://github.com/Jack-bo1220/Awesome-Remote-Sensing-Foundation-Models
CrossEarth,CrossEarth,CrossEarth: Geospatial Vision Foundation Model for Domain Generalizable Remote Sensing Semantic Segmentation,vision,2025,IEEE TPAMI2025,https://doi.org/10.1109/tpami.2025.3649001,https://github.com/Cuzyoung/CrossEarth,,https://github.com/Cuzyoung/CrossEarth,link-reachable,https://github.com/Jack-bo1220/Awesome-Remote-Sensing-Foundation-Models
PhySwin,PhySwin,PhySwin: An Efficient and Physically-Informed Foundation Model for Multispectral Earth Observation,vision,2025,NeurIPS2025,https://openreview.net/forum?id=zrBucj9BwG,,,,link-reachable,https://github.com/Jack-bo1220/Awesome-Remote-Sensing-Foundation-Models
FlexiMo,FlexiMo,FlexiMo: A Flexible Remote Sensing Foundation Model,vision,2026,IEEE TGRS2026,https://doi.org/10.1109/tgrs.2026.3656362,,,,link-reachable,https://github.com/Jack-bo1220/Awesome-Remote-Sensing-Foundation-Models
MAPEX,MAPEX,MAPEX: Modality-Aware Pruning of Experts for Remote Sensing Foundation Models,vision,2026,IEEE TGRS2026,https://doi.org/10.1109/tgrs.2026.3652100,https://github.com/HSG-AIML/MAPEX,,https://github.com/HSG-AIML/MAPEX,link-reachable,https://github.com/Jack-bo1220/Awesome-Remote-Sensing-Foundation-Models
A Complex-Valued SAR Foundation Model Based on Physically Inspired Representation Learning,,A Complex-Valued SAR Foundation Model Based on Physically Inspired Representation Learning,vision,2026,IEEE TIP2026,https://doi.org/10.1109/tip.2026.3652417,,,,link-reachable,https://github.com/Jack-bo1220/Awesome-Remote-Sensing-Foundation-Models
MAESTRO,MAESTRO,"MAESTRO: Masked AutoEncoders for Multimodal, Multitemporal, and Multispectral Earth Observation Data",vision,2026,WACV2026,https://openaccess.thecvf.com/content/WACV2026/papers/Labatie_MAESTRO_Masked_AutoEncoders_for_Multimodal_Multitemporal_and_Multispectral_Earth_Observation_WACV_2026_paper.pdf,https://github.com/IGNF/MAESTRO,,https://github.com/IGNF/MAESTRO,link-reachable,https://github.com/Jack-bo1220/Awesome-Remote-Sensing-Foundation-Models
RingMoE,RingMoE,RingMoE: Mixture-of-Modality-Experts Multi-Modal Foundation Models for Universal Remote Sensing Image Interpretation,vision,2026,IEEE TPAMI2026,https://doi.org/10.1109/tpami.2025.3643453,,,,link-reachable,https://github.com/Jack-bo1220/Awesome-Remote-Sensing-Foundation-Models
Alliance,Alliance,Alliance: All-in-One Spectral-Spatial-Frequency Awareness Foundation Model,vision,2026,IEEE TPAMI2026,https://doi.org/10.1109/tpami.2025.3639595,,,,link-reachable,https://github.com/Jack-bo1220/Awesome-Remote-Sensing-Foundation-Models
THOR,THOR,THOR: A Versatile Foundation Model for Earth Observation Climate and Society Applications,vision,2026,Arxiv2026,https://arxiv.org/abs/2601.16011,https://github.com/FM4CS/THOR,,https://github.com/FM4CS/THOR,link-reachable,https://github.com/Jack-bo1220/Awesome-Remote-Sensing-Foundation-Models
AgriFM,AgriFM,AgriFM: A multi-source temporal remote sensing foundation model for Agriculture mapping,vision,2026,RSE2026,https://doi.org/10.1016/j.rse.2026.115234,https://github.com/flyakon/AgriFM,,https://github.com/flyakon/AgriFM,link-reachable,https://github.com/Jack-bo1220/Awesome-Remote-Sensing-Foundation-Models
SIGMAE,SIGMAE,SIGMAE: A Spectral-Index-Guided Foundation Model for Multispectral Remote Sensing,vision,2026,Arxiv2026,https://arxiv.org/abs/2603.07463,https://github.com/zxk688/SIGMAE,,https://github.com/zxk688/SIGMAE,link-reachable,https://github.com/Jack-bo1220/Awesome-Remote-Sensing-Foundation-Models
CrossEarth-SAR,CrossEarth-SAR,CrossEarth-SAR: A SAR-Centric and Billion-Scale Geospatial Foundation Model for Domain Generalizable Semantic Segmentation,vision,2026,Arxiv2026,https://arxiv.org/abs/2603.12008,https://github.com/VisionXLab/CrossEarth-SAR,,https://github.com/VisionXLab/CrossEarth-SAR,link-reachable,https://github.com/Jack-bo1220/Awesome-Remote-Sensing-Foundation-Models
NeighborMAE,NeighborMAE,NeighborMAE: Exploiting Spatial Dependencies between Neighboring Earth Observation Images in Masked Autoencoders Pretraining,vision,2026,CVPR2026,https://arxiv.org/abs/2603.02522,,,,link-reachable,https://github.com/Jack-bo1220/Awesome-Remote-Sensing-Foundation-Models
MOMO,MOMO,MOMO: Mars Orbital Model Foundation Model for Mars Orbital Applications,vision,2026,CVPR2026,https://arxiv.org/abs/2604.02719,https://github.com/kerner-lab/MOMO,,https://github.com/kerner-lab/MOMO,link-reachable,https://github.com/Jack-bo1220/Awesome-Remote-Sensing-Foundation-Models
TESSERA,TESSERA,TESSERA: Temporal Embeddings of Surface Spectra for Earth Representation and Analysis,vision,2026,CVPR2026,https://arxiv.org/abs/2506.20380,https://github.com/ucam-eo/tessera,,https://github.com/ucam-eo/tessera,link-reachable,https://github.com/Jack-bo1220/Awesome-Remote-Sensing-Foundation-Models
OlmoEarth,OlmoEarth,OlmoEarth: Stable Latent Image Modeling for Multimodal Earth Observation,vision,2026,CVPR2026,https://arxiv.org/abs/2511.13655,https://github.com/allenai/olmoearth_pretrain,,https://github.com/allenai/olmoearth_pretrain,link-reachable,https://github.com/Jack-bo1220/Awesome-Remote-Sensing-Foundation-Models
RAMEN,RAMEN,RAMEN: Resolution-Adjustable Multimodal Encoder for Earth Observation,vision,2026,CVPR2026,https://arxiv.org/abs/2512.05025,https://github.com/nicolashoudre/RAMEN,,https://github.com/nicolashoudre/RAMEN,link-reachable,https://github.com/Jack-bo1220/Awesome-Remote-Sensing-Foundation-Models
SARMAE,SARMAE,SARMAE: Masked Autoencoder for SAR Representation Learning,vision,2026,CVPR2026,https://arxiv.org/abs/2512.16635,https://github.com/MiliLab/SARMAE,,https://github.com/MiliLab/SARMAE,link-reachable,https://github.com/Jack-bo1220/Awesome-Remote-Sensing-Foundation-Models
Charting New Territories: Exploring the Geographic and Geospatial Capabilities of Multimodal LLMs,,Charting New Territories: Exploring the Geographic and Geospatial Capabilities of Multimodal LLMs,vision_language,2023,Arxiv2023,https://arxiv.org/abs/2311.14656,https://github.com/jonathan-roberts1/charting-new-territories,,https://github.com/jonathan-roberts1/charting-new-territories,link-reachable,https://github.com/Jack-bo1220/Awesome-Remote-Sensing-Foundation-Models
Remote Sensing ChatGPT: Solving Remote Sensing Tasks with ChatGPT and Visual Models,,Remote Sensing ChatGPT: Solving Remote Sensing Tasks with ChatGPT and Visual Models,vision_language,2024,Arxiv2024,https://arxiv.org/abs/2401.09083,https://github.com/HaonanGuo/Remote-Sensing-ChatGPT,,https://github.com/HaonanGuo/Remote-Sensing-ChatGPT,link-reachable,https://github.com/Jack-bo1220/Awesome-Remote-Sensing-Foundation-Models
SkyCLIP,SkyCLIP,SkyScript: A Large and Semantically Diverse Vision-Language Dataset for Remote Sensing,vision_language,2024,AAAI2024,https://arxiv.org/abs/2312.12856,https://github.com/wangzhecheng/SkyScript,,https://github.com/wangzhecheng/SkyScript,link-reachable,https://github.com/Jack-bo1220/Awesome-Remote-Sensing-Foundation-Models
GeoRSCLIP,GeoRSCLIP,RS5M and GeoRSCLIP: A Large Scale Vision-Language Dataset and A Large Vision-Language Model for Remote Sensing,vision_language,2024,IEEE TGRS2024,https://arxiv.org/abs/2306.11300,https://github.com/om-ai-lab/RS5M,,https://github.com/om-ai-lab/RS5M,link-reachable,https://github.com/Jack-bo1220/Awesome-Remote-Sensing-Foundation-Models
RemoteCLIP,RemoteCLIP,RemoteCLIP: A Vision Language Foundation Model for Remote Sensing,vision_language,2024,IEEE TGRS2024,https://arxiv.org/abs/2306.11029,https://github.com/ChenDelong1999/RemoteCLIP,,https://github.com/ChenDelong1999/RemoteCLIP,link-reachable,https://github.com/Jack-bo1220/Awesome-Remote-Sensing-Foundation-Models
EarthGPT,EarthGPT,EarthGPT: A Universal Multimodal Large Language Model for Multisensor Image Comprehension in Remote Sensing Domain,vision_language,2024,IEEE TGRS2024,https://doi.org/10.1109/tgrs.2024.3409624,https://github.com/wivizhang/EarthGPT,,https://github.com/wivizhang/EarthGPT,link-reachable,https://github.com/Jack-bo1220/Awesome-Remote-Sensing-Foundation-Models
GRAFT,GRAFT,Remote Sensing Vision-Language Foundation Models without Annotations via Ground Remote Alignment,vision_language,2024,ICLR2024,https://openreview.net/pdf?id=w9tc699w3Z,,,,link-reachable,https://github.com/Jack-bo1220/Awesome-Remote-Sensing-Foundation-Models
EarthMarker,EarthMarker,EarthMarker: A Visual Prompting Multi-modal Large Language Model for Remote Sensing,vision_language,2024,IEEE TGRS2024,https://arxiv.org/abs/2407.13596,https://github.com/wivizhang/EarthMarker,,https://github.com/wivizhang/EarthMarker,link-reachable,https://github.com/Jack-bo1220/Awesome-Remote-Sensing-Foundation-Models
RingMoGPT,RingMoGPT,"RingMoGPT: A Unified Remote Sensing Foundation Model for Vision, Language, and Grounded Tasks",vision_language,2024,IEEE TGRS2024,https://ieeexplore.ieee.org/document/10777289,,,,link-reachable,https://github.com/Jack-bo1220/Awesome-Remote-Sensing-Foundation-Models
RS-LLaVA,RS-LLaVA,RS-LLaVA: Large Vision Language Model for Joint Captioning and Question Answering in Remote Sensing Imagery,vision_language,2024,RS2024,https://www.mdpi.com/2072-4292/16/9/1477,https://github.com/BigData-KSU/RS-LLaVA,,https://github.com/BigData-KSU/RS-LLaVA,link-reachable,https://github.com/Jack-bo1220/Awesome-Remote-Sensing-Foundation-Models
GeoChat,GeoChat,GeoChat: Grounded Large Vision-Language Model for Remote Sensing,vision_language,2024,CVPR2024,https://openaccess.thecvf.com/content/CVPR2024/html/Kuckreja_GeoChat_Grounded_Large_Vision-Language_Model_for_Remote_Sensing_CVPR_2024_paper.html,https://github.com/mbzuai-oryx/GeoChat,,https://github.com/mbzuai-oryx/GeoChat,link-reachable,https://github.com/Jack-bo1220/Awesome-Remote-Sensing-Foundation-Models
SkySenseGPT,SkySenseGPT,SkySenseGPT: A Fine-Grained Instruction Tuning Dataset and Model for Remote Sensing Vision-Language Understanding,vision_language,2024,Arxiv2024,https://arxiv.org/abs/2406.10100,https://github.com/Luo-Z13/SkySenseGPT,,https://github.com/Luo-Z13/SkySenseGPT,link-reachable,https://github.com/Jack-bo1220/Awesome-Remote-Sensing-Foundation-Models
RSCLIP,RSCLIP,Pushing the Limits of Vision-Language Models in Remote Sensing without Human Annotations,vision_language,2024,Arxiv2024,https://arxiv.org/abs/2409.07048,,,,link-reachable,https://github.com/Jack-bo1220/Awesome-Remote-Sensing-Foundation-Models
GeoText,GeoText,Towards Natural Language-Guided Drones: GeoText-1652 Benchmark with Spatial Relation Matching,vision_language,2024,ECCV2024,https://arxiv.org/abs/2311.12751,https://github.com/MultimodalGeo/GeoText-1652,,https://github.com/MultimodalGeo/GeoText-1652,link-reachable,https://github.com/Jack-bo1220/Awesome-Remote-Sensing-Foundation-Models
LHRS-Bot,LHRS-Bot,LHRS-Bot: Empowering Remote Sensing with VGI-Enhanced Large Multimodal Language Model,vision_language,2024,ECCV2024,https://arxiv.org/abs/2402.02544,https://github.com/NJU-LHRS/LHRS-Bot,,https://github.com/NJU-LHRS/LHRS-Bot,link-reachable,https://github.com/Jack-bo1220/Awesome-Remote-Sensing-Foundation-Models
GeoGround,GeoGround,GeoGround: A Unified Large Vision-Language Model for Remote Sensing Visual Grounding,vision_language,2024,Arxiv2024,https://arxiv.org/abs/2411.11904,https://github.com/zytx121/GeoGround,,https://github.com/zytx121/GeoGround,link-reachable,https://github.com/Jack-bo1220/Awesome-Remote-Sensing-Foundation-Models
RSUniVLM,RSUniVLM,RSUniVLM: A Unified Vision Language Model for Remote Sensing via Granularity-oriented Mixture of Experts,vision_language,2024,Arxiv2024,https://arxiv.org/abs/2412.05679,,,,link-reachable,https://github.com/Jack-bo1220/Awesome-Remote-Sensing-Foundation-Models
REO-VLM,REO-VLM,REO-VLM: Transforming VLM to Meet Regression Challenges in Earth Observation,vision_language,2024,Arxiv2024,https://arxiv.org/abs/2412.16583,,,,link-reachable,https://github.com/Jack-bo1220/Awesome-Remote-Sensing-Foundation-Models
UniRS,UniRS,UniRS: Unifying Multi-temporal Remote Sensing Tasks through Vision Language Models,vision_language,2024,Arxiv2024,https://arxiv.org/abs/2412.20742,,,,link-reachable,https://github.com/Jack-bo1220/Awesome-Remote-Sensing-Foundation-Models
VHM,VHM,VHM: Versatile and Honest Vision Language Model for Remote Sensing Image Analysis,vision_language,2025,AAAI2025,https://ojs.aaai.org/index.php/AAAI/article/view/32683,https://github.com/opendatalab/VHM,,https://github.com/opendatalab/VHM,link-reachable,https://github.com/Jack-bo1220/Awesome-Remote-Sensing-Foundation-Models
Quality-Driven Curation of Remote Sensing Vision-Language Data via Learned Scoring Models,,Quality-Driven Curation of Remote Sensing Vision-Language Data via Learned Scoring Models,vision_language,2025,Arxiv2025,https://arxiv.org/abs/2503.00743,,,,link-reachable,https://github.com/Jack-bo1220/Awesome-Remote-Sensing-Foundation-Models
DOFA-CLIP,DOFA-CLIP,DOFA-CLIP: Multimodal Vision-Language Foundation Models for Earth Observation,vision_language,2025,Arxiv2025,https://arxiv.org/abs/2503.06312,https://github.com/xiong-zhitong/GeoLB-SigLIP,,https://github.com/xiong-zhitong/GeoLB-SigLIP,link-reachable,https://github.com/Jack-bo1220/Awesome-Remote-Sensing-Foundation-Models
Falcon,Falcon,Falcon: A Remote Sensing Vision-Language Foundation Model,vision_language,2025,Arxiv2025,https://arxiv.org/abs/2503.11070,https://github.com/TianHuiLab/Falcon,,https://github.com/TianHuiLab/Falcon,link-reachable,https://github.com/Jack-bo1220/Awesome-Remote-Sensing-Foundation-Models
GeoRSMLLM,GeoRSMLLM,GeoRSMLLM: A Multimodal Large Language Model for Vision-Language Tasks in Geoscience and Remote Sensing,vision_language,2025,Arxiv2025,https://arxiv.org/abs/2503.12490,,,,link-reachable,https://github.com/Jack-bo1220/Awesome-Remote-Sensing-Foundation-Models
OmniGeo,OmniGeo,OmniGeo: Towards a Multimodal Large Language Models for Geospatial Artificial Intelligence,vision_language,2025,Arxiv2025,https://arxiv.org/abs/2503.16326,,,,link-reachable,https://github.com/Jack-bo1220/Awesome-Remote-Sensing-Foundation-Models
DGTRS-CLIP,DGTRS-CLIP,DGTRSD & DGTRS-CLIP: A Dual-Granularity Remote Sensing Image-Text Dataset and Vision Language Foundation Model for Alignment,vision_language,2025,Arxiv2025,https://arxiv.org/abs/2503.19311,https://github.com/MitsuiChen14/DGTRS,,https://github.com/MitsuiChen14/DGTRS,link-reachable,https://github.com/Jack-bo1220/Awesome-Remote-Sensing-Foundation-Models
EagleVision,EagleVision,EagleVision: Object-level Attribute Multimodal LLM for Remote Sensing,vision_language,2025,Arxiv2025,https://arxiv.org/abs/2503.23330,https://github.com/XiangTodayEatsWhat/EagleVision,,https://github.com/XiangTodayEatsWhat/EagleVision,link-reachable,https://github.com/Jack-bo1220/Awesome-Remote-Sensing-Foundation-Models
SkyEyeGPT,SkyEyeGPT,SkyEyeGPT: Unifying Remote Sensing Vision-Language Tasks via Instruction Tuning with Large Language Model,vision_language,2025,ISPRS JPRS2025,https://doi.org/10.1016/j.isprsjprs.2025.01.020,https://github.com/ZhanYang-nwpu/SkyEyeGPT,,https://github.com/ZhanYang-nwpu/SkyEyeGPT,link-reachable,https://github.com/Jack-bo1220/Awesome-Remote-Sensing-Foundation-Models
SegEarth-R1,SegEarth-R1,SegEarth-R1: Geospatial Pixel Reasoning via Large Language Model,vision_language,2025,Arxiv2025,https://arxiv.org/abs/2504.09644,https://github.com/earth-insights/SegEarth-R1,,https://github.com/earth-insights/SegEarth-R1,link-reachable,https://github.com/Jack-bo1220/Awesome-Remote-Sensing-Foundation-Models
EarthGPT-X,EarthGPT-X,EarthGPT-X: A Spatial MLLM for Multi-level Multi-Source Remote Sensing Imagery Understanding with Visual Prompting,vision_language,2025,Arxiv2025,https://arxiv.org/abs/2504.12795,https://github.com/wivizhang/EarthGPT-X,,https://github.com/wivizhang/EarthGPT-X,link-reachable,https://github.com/Jack-bo1220/Awesome-Remote-Sensing-Foundation-Models
TEOChat,TEOChat,TEOChat: A Large Vision-Language Assistant for Temporal Earth Observation Data,vision_language,2025,ICLR2025,https://arxiv.org/abs/2410.06234,https://github.com/ermongroup/TEOChat,,https://github.com/ermongroup/TEOChat,link-reachable,https://github.com/Jack-bo1220/Awesome-Remote-Sensing-Foundation-Models
LISAt,LISAt,LISAt: Language-Instructed Segmentation Assistant for Satellite Imagery,vision_language,2025,Arxiv2025,https://arxiv.org/abs/2505.02829,,,,link-reachable,https://github.com/Jack-bo1220/Awesome-Remote-Sensing-Foundation-Models
DynamicVL,DynamicVL,DynamicVL: Benchmarking Multimodal Large Language Models for Dynamic City Understanding,vision_language,2025,Arxiv2025,https://arxiv.org/abs/2505.21076,,,,link-reachable,https://github.com/Jack-bo1220/Awesome-Remote-Sensing-Foundation-Models
RSGPT,RSGPT,RSGPT: A Remote Sensing Vision Language Model and Benchmark,vision_language,2025,ISPRS JPRS2025,https://doi.org/10.1016/j.isprsjprs.2025.04.001,https://github.com/Lavender105/RSGPT,,https://github.com/Lavender105/RSGPT,link-reachable,https://github.com/Jack-bo1220/Awesome-Remote-Sensing-Foundation-Models
LHRS-Bot-Nova,LHRS-Bot-Nova,LHRS-Bot-Nova: Improved Multimodal Large Language Model for Remote Sensing Vision-Language Interpretation,vision_language,2025,ISPRS JPRS2025,https://doi.org/10.1016/j.isprsjprs.2025.06.003,https://github.com/NJU-LHRS/LHRS-Bot,,https://github.com/NJU-LHRS/LHRS-Bot,link-reachable,https://github.com/Jack-bo1220/Awesome-Remote-Sensing-Foundation-Models
EarthDial,EarthDial,EarthDial: Turning Multi-sensory Earth Observations to Interactive Dialogues,vision_language,2025,CVPR2025,https://openaccess.thecvf.com/content/CVPR2025/html/Soni_EarthDial_Turning_Multi-sensory_Earth_Observations_to_Interactive_Dialogues_CVPR_2025_paper.html,https://github.com/hiyamdebary/EarthDial,,https://github.com/hiyamdebary/EarthDial,link-reachable,https://github.com/Jack-bo1220/Awesome-Remote-Sensing-Foundation-Models
SkySense-O,SkySense-O,SkySense-O: Towards Open-World Remote Sensing Interpretation with Vision-Centric Visual-Language Modeling,vision_language,2025,CVPR2025,https://openaccess.thecvf.com/content/CVPR2025/papers/Zhu_SkySense-O_Towards_Open-World_Remote_Sensing_Interpretation_with_Vision-Centric_Visual-Language_Modeling_CVPR_2025_paper.pdf,https://github.com/zqcrafts/SkySense-O,,https://github.com/zqcrafts/SkySense-O,link-reachable,https://github.com/Jack-bo1220/Awesome-Remote-Sensing-Foundation-Models
XLRS-Bench,XLRS-Bench,XLRS-Bench: Could Your Multimodal LLMs Understand Extremely Large Ultra-High-Resolution Remote Sensing Imagery?,vision_language,2025,CVPR2025,https://arxiv.org/abs/2503.23771,,,,link-reachable,https://github.com/Jack-bo1220/Awesome-Remote-Sensing-Foundation-Models
GeoPix,GeoPix,GeoPix: Multi-Modal Large Language Model for Pixel-level Image Understanding in Remote Sensing,vision_language,2025,IEEE GRSM2025,https://arxiv.org/abs/2501.06828,https://github.com/Norman-Ou/GeoPix,,https://github.com/Norman-Ou/GeoPix,link-reachable,https://github.com/Jack-bo1220/Awesome-Remote-Sensing-Foundation-Models
Co-LLaVA,Co-LLaVA,Co-LLaVA: Efficient Remote Sensing Visual Question Answering via Model Collaboration,vision_language,2025,RS2025,https://doi.org/10.3390/rs17030466,,,,link-reachable,https://github.com/Jack-bo1220/Awesome-Remote-Sensing-Foundation-Models
RLita,RLita,RLita: A Region-Level Image-Text Alignment Method for Remote Sensing Foundation Model,vision_language,2025,RS2025,https://doi.org/10.3390/rs17101661,,,,link-reachable,https://github.com/Jack-bo1220/Awesome-Remote-Sensing-Foundation-Models
EarthMind,EarthMind,EarthMind: Leveraging Cross-Sensor Data for Advanced Earth Observation Interpretation with a Unified Multimodal LLM,vision_language,2025,Arxiv2025,https://arxiv.org/abs/2506.01667,https://github.com/shuyansy/EarthMind,,https://github.com/shuyansy/EarthMind,link-reachable,https://github.com/Jack-bo1220/Awesome-Remote-Sensing-Foundation-Models
Remote Sensing Large Vision-Language Model: Semantic-augmented Multi-level Alignment and Semantic-aware Expert Modeling,,Remote Sensing Large Vision-Language Model: Semantic-augmented Multi-level Alignment and Semantic-aware Expert Modeling,vision_language,2025,Arxiv2025,https://arxiv.org/abs/2506.21863,,,,link-reachable,https://github.com/Jack-bo1220/Awesome-Remote-Sensing-Foundation-Models
GeoPixel,GeoPixel,GeoPixel: Pixel Grounding Large Multimodal Model in Remote Sensing,vision_language,2025,ICML2025,https://arxiv.org/abs/2501.13925,https://github.com/mbzuai-oryx/GeoPixel,,https://github.com/mbzuai-oryx/GeoPixel,link-reachable,https://github.com/Jack-bo1220/Awesome-Remote-Sensing-Foundation-Models
RingMo-Agent,RingMo-Agent,RingMo-Agent: A Unified Remote Sensing Foundation Model for Multi-Platform and Multi-Modal Reasoning,vision_language,2025,Arxiv2025,https://arxiv.org/abs/2507.20776,,,,link-reachable,https://github.com/Jack-bo1220/Awesome-Remote-Sensing-Foundation-Models
Geo-R1,Geo-R1,Geo-R1: Improving Few-Shot Geospatial Referring Expression Understanding with Reinforcement Fine-Tuning,vision_language,2025,Arxiv2025,https://arxiv.org/abs/2509.21976,,,,link-reachable,https://github.com/Jack-bo1220/Awesome-Remote-Sensing-Foundation-Models
RSThinker,RSThinker,Towards Faithful Reasoning in Remote Sensing: A Perceptually-Grounded GeoSpatial Chain-of-Thought for Vision-Language Models,vision_language,2025,Arxiv2025,https://arxiv.org/abs/2509.22221,,,,link-reachable,https://github.com/Jack-bo1220/Awesome-Remote-Sensing-Foundation-Models
FUSAR-KLIP,FUSAR-KLIP,FUSAR-KLIP: Towards Multimodal Foundation Models for Remote Sensing,vision_language,2025,Arxiv2025,https://arxiv.org/abs/2509.23927,https://github.com/yangyifremad/SARKnowLIP,,https://github.com/yangyifremad/SARKnowLIP,link-reachable,https://github.com/Jack-bo1220/Awesome-Remote-Sensing-Foundation-Models
GeoMag,GeoMag,GeoMag: A Vision-Language Model for Pixel-level Fine-Grained Remote Sensing Image Parsing,vision_language,2025,ACMMM2025,https://doi.org/10.1145/3746027.3754559,,,,link-reachable,https://github.com/Jack-bo1220/Awesome-Remote-Sensing-Foundation-Models
RemoteSAM,RemoteSAM,RemoteSAM: Towards Segment Anything for Earth Observation,vision_language,2025,ACMMM2025,https://arxiv.org/abs/2505.18022,https://github.com/1e12Leon/RemoteSAM,,https://github.com/1e12Leon/RemoteSAM,link-reachable,https://github.com/Jack-bo1220/Awesome-Remote-Sensing-Foundation-Models
LRS-VQA,LRS-VQA,When Large Vision-Language Model Meets Large Remote Sensing Imagery: Coarse-to-Fine Text-Guided Token Pruning,vision_language,2025,ICCV2025,https://arxiv.org/abs/2503.07588,https://github.com/VisionXLab/LRS-VQA,,https://github.com/VisionXLab/LRS-VQA,link-reachable,https://github.com/Jack-bo1220/Awesome-Remote-Sensing-Foundation-Models
UrbanLLaVA,UrbanLLaVA,UrbanLLaVA: A Multi-modal Large Language Model for Urban Intelligence with Spatial Reasoning and Understanding,vision_language,2025,ICCV2025,https://arxiv.org/abs/2506.23219,https://github.com/tsinghua-fib-lab/UrbanLLaVA,,https://github.com/tsinghua-fib-lab/UrbanLLaVA,link-reachable,https://github.com/Jack-bo1220/Awesome-Remote-Sensing-Foundation-Models
SARCLIP,SARCLIP,SARCLIP: a multimodal foundation framework for SAR imagery via contrastive language-image pre-training,vision_language,2025,ISPRS JPRS2025,https://doi.org/10.1016/j.isprsjprs.2025.10.011,,https://huggingface.co/BiliSakura/SARCLIP-ViT-L-14,https://huggingface.co/BiliSakura/SARCLIP-ViT-L-14,link-reachable,https://github.com/Jack-bo1220/Awesome-Remote-Sensing-Foundation-Models
FUSE-RSVLM,FUSE-RSVLM,FUSE-RSVLM: Feature Fusion Vision-Language Model for Remote Sensing,vision_language,2025,Arxiv2025,https://arxiv.org/abs/2512.24022,https://github.com/Yunkaidang/RSVLM,,https://github.com/Yunkaidang/RSVLM,link-reachable,https://github.com/Jack-bo1220/Awesome-Remote-Sensing-Foundation-Models
Aquila,Aquila,Aquila: A Hierarchically Aligned Vision-Language Model for Enhanced Remote Sensing Image Comprehension,vision_language,2026,Journal of Remote Sensing 2026,https://doi.org/10.34133/remotesensing.1041,,,,link-reachable,https://github.com/Jack-bo1220/Awesome-Remote-Sensing-Foundation-Models
RSCoVLM,RSCoVLM,Co-Training Vision-Language Models for Remote Sensing Multi-Task Learning,vision_language,2026,RS2026,https://doi.org/10.3390/rs18020222,https://github.com/VisionXLab/RSCoVLM,,https://github.com/VisionXLab/RSCoVLM,link-reachable,https://github.com/Jack-bo1220/Awesome-Remote-Sensing-Foundation-Models
GeoReason,GeoReason,GeoReason: Aligning Thinking And Answering In Remote Sensing Vision-Language Models Via Logical Consistency Reinforcement Learning,vision_language,2026,Arxiv2026,https://arxiv.org/abs/2601.04118,https://github.com/canlanqianyan/GeoReason,,https://github.com/canlanqianyan/GeoReason,link-reachable,https://github.com/Jack-bo1220/Awesome-Remote-Sensing-Foundation-Models
RemoteReasoner,RemoteReasoner,RemoteReasoner: Towards Unifying Geospatial Reasoning Workflow,vision_language,2026,AAAI2026,https://arxiv.org/abs/2507.19280,,,,link-reachable,https://github.com/Jack-bo1220/Awesome-Remote-Sensing-Foundation-Models
SkyMoE,SkyMoE,SkyMoE: A Vision-Language Foundation Model for Enhancing Geospatial Interpretation with Mixture of Experts,vision_language,2026,AAAI2026,https://arxiv.org/abs/2512.02517,,,,link-reachable,https://github.com/Jack-bo1220/Awesome-Remote-Sensing-Foundation-Models
GeoEyes,GeoEyes,GeoEyes: On-Demand Visual Focusing for Evidence-Grounded Understanding of Ultra-High-Resolution Remote Sensing Imagery,vision_language,2026,Arxiv2026,https://arxiv.org/abs/2602.14201,https://github.com/nanocm/GeoEyes,,https://github.com/nanocm/GeoEyes,link-reachable,https://github.com/Jack-bo1220/Awesome-Remote-Sensing-Foundation-Models
GeoSolver,GeoSolver,GeoSolver: Scaling Test-Time Reasoning in Remote Sensing with Fine-Grained Process Supervision,vision_language,2026,Arxiv2026,https://arxiv.org/abs/2603.09551,,,,link-reachable,https://github.com/Jack-bo1220/Awesome-Remote-Sensing-Foundation-Models
GeoAlignCLIP,GeoAlignCLIP,GeoAlignCLIP: Enhancing Fine-Grained Vision-Language Alignment in Remote Sensing via Multi-Granular Consistency Learning,vision_language,2026,Arxiv2026,https://arxiv.org/abs/2603.09566,,,,link-reachable,https://github.com/Jack-bo1220/Awesome-Remote-Sensing-Foundation-Models
RS-WorldModel,RS-WorldModel,RS-WorldModel: a Unified Model for Remote Sensing Understanding and Future Sense Forecasting,vision_language,2026,Arxiv2026,https://arxiv.org/abs/2603.14941,,,,link-reachable,https://github.com/Jack-bo1220/Awesome-Remote-Sensing-Foundation-Models
Decoding-the-Delta,Decoding-the-Delta,Decoding the Delta: Unifying Remote Sensing Change Detection and Understanding with Multimodal Large Language Models,vision_language,2026,Arxiv2026,https://arxiv.org/abs/2604.14044,,,,link-reachable,https://github.com/Jack-bo1220/Awesome-Remote-Sensing-Foundation-Models
RemoteShield,RemoteShield,RemoteShield: Enable Robust Multimodal Large Language Models for Earth Observation,vision_language,2026,Arxiv2026,https://arxiv.org/abs/2604.17243,,,,link-reachable,https://github.com/Jack-bo1220/Awesome-Remote-Sensing-Foundation-Models
UniChange,UniChange,UniChange: Unifying Change Detection with Multimodal Large Language Model,vision_language,2026,CVPR2026,https://arxiv.org/abs/2511.02607,https://github.com/NKU-HLT/UniChange,,https://github.com/NKU-HLT/UniChange,link-reachable,https://github.com/Jack-bo1220/Awesome-Remote-Sensing-Foundation-Models
ZoomEarth,ZoomEarth,ZoomEarth: Active Perception for Ultra-High-Resolution Geospatial Vision-Language Tasks,vision_language,2026,CVPR2026,https://arxiv.org/abs/2511.12267,,,,link-reachable,https://github.com/Jack-bo1220/Awesome-Remote-Sensing-Foundation-Models
UniGeoSeg,UniGeoSeg,UniGeoSeg: Towards Unified Open-World Segmentation for Geospatial Scenes,vision_language,2026,CVPR2026,https://arxiv.org/abs/2511.23332,https://github.com/MiliLab/UniGeoSeg,,https://github.com/MiliLab/UniGeoSeg,link-reachable,https://github.com/Jack-bo1220/Awesome-Remote-Sensing-Foundation-Models
SegEarth-R2,SegEarth-R2,SegEarth-R2: Towards Comprehensive Language-guided Segmentation for Remote Sensing Images,vision_language,2026,CVPR2026,https://arxiv.org/abs/2512.20013,https://github.com/earth-insights/SegEarth-R2,,https://github.com/earth-insights/SegEarth-R2,link-reachable,https://github.com/Jack-bo1220/Awesome-Remote-Sensing-Foundation-Models
FUSAR-GPT,FUSAR-GPT,FUSAR-GPT: A Spatiotemporal Feature-Embedded and Two-Stage Decoupled Visual Language Model for SAR Imagery,vision_language,2026,CVPR2026,https://arxiv.org/abs/2602.19190,,,,link-reachable,https://github.com/Jack-bo1220/Awesome-Remote-Sensing-Foundation-Models
SATtxt,SATtxt,Spectrally Distilled Representations Aligned with Instruction-Augmented LLMs for Satellite Imagery,vision_language,2026,CVPR2026,https://arxiv.org/abs/2602.22613,https://github.com/ikhado/sattxt,,https://github.com/ikhado/sattxt,link-reachable,https://github.com/Jack-bo1220/Awesome-Remote-Sensing-Foundation-Models
TerraScope,TerraScope,TerraScope: Pixel-Grounded Visual Reasoning for Earth Observation,vision_language,2026,CVPR2026,https://arxiv.org/abs/2603.19039,,,,link-reachable,https://github.com/Jack-bo1220/Awesome-Remote-Sensing-Foundation-Models
GeoRSSD,GeoRSSD,RS5M: A Large Scale Vision-Language Dataset for Remote Sensing Vision-Language Foundation Model,generative,2023,Arxiv2023,https://arxiv.org/abs/2306.11300,,https://huggingface.co/Zilun/GeoRSSD,https://huggingface.co/Zilun/GeoRSSD,link-reachable,https://github.com/Jack-bo1220/Awesome-Remote-Sensing-Foundation-Models
Generate Your Own Scotland: Satellite Image Generation Conditioned on Maps,,Generate Your Own Scotland: Satellite Image Generation Conditioned on Maps,generative,2023,NeurIPSW2023,https://arxiv.org/abs/2308.16648,https://github.com/toastyfrosty/map-sat,,https://github.com/toastyfrosty/map-sat,link-reachable,https://github.com/Jack-bo1220/Awesome-Remote-Sensing-Foundation-Models
CRS-Diff,CRS-Diff,CRS-Diff: Controllable Remote Sensing Image Generation with Diffusion Model,generative,2024,Arxiv2024,https://arxiv.org/abs/2403.11614,https://github.com/Sonettoo/CRS-Diff,,https://github.com/Sonettoo/CRS-Diff,link-reachable,https://github.com/Jack-bo1220/Awesome-Remote-Sensing-Foundation-Models
DiffusionSat,DiffusionSat,DiffusionSat: A Generative Foundation Model for Satellite Imagery,generative,2024,ICLR2024,https://arxiv.org/abs/2312.03606,https://github.com/samar-khanna/DiffusionSat,,https://github.com/samar-khanna/DiffusionSat,link-reachable,https://github.com/Jack-bo1220/Awesome-Remote-Sensing-Foundation-Models
HSIGene,HSIGene,HSIGene: A Foundation Model For Hyperspectral Image Generation,generative,2024,Arxiv2024,https://arxiv.org/abs/2409.12470,https://github.com/LiPang/HSIGene,,https://github.com/LiPang/HSIGene,link-reachable,https://github.com/Jack-bo1220/Awesome-Remote-Sensing-Foundation-Models
Text2Earth,Text2Earth,Text2Earth: Unlocking Text-driven Remote Sensing Image Generation with a Global-Scale Dataset and a Foundation Model,generative,2025,GRSM2025,https://arxiv.org/abs/2501.00895,,,https://chen-yang-liu.github.io/Text2Earth/,link-reachable,https://github.com/Jack-bo1220/Awesome-Remote-Sensing-Foundation-Models
MetaEarth,MetaEarth,MetaEarth: A Generative Foundation Model for Global-Scale Remote Sensing Image Generation,generative,2025,TPAMI2025,https://arxiv.org/abs/2405.13570,,,https://jiupinjia.github.io/metaearth/,link-reachable,https://github.com/Jack-bo1220/Awesome-Remote-Sensing-Foundation-Models
EcoMapper,EcoMapper,EcoMapper: Generative Modeling for Climate-Aware Satellite Imagery,generative,2025,ICML2025,https://proceedings.mlr.press/v267/goktepe25a.html,https://github.com/maltevb/ecomapper,,https://github.com/maltevb/ecomapper,link-reachable,https://github.com/Jack-bo1220/Awesome-Remote-Sensing-Foundation-Models
OSMGen,OSMGen,OSMGen: Highly Controllable Satellite Image Synthesis using OpenStreetMap Data,generative,2025,NeurIPSW2025,https://arxiv.org/abs/2511.00345,https://github.com/amir-zsh/OSMGen,,https://github.com/amir-zsh/OSMGen,link-reachable,https://github.com/Jack-bo1220/Awesome-Remote-Sensing-Foundation-Models
Any2RSI,Any2RSI,Any2RSI: Controllable Remote Sensing Text-to-Image Generation via Any Control and Enriched Description,generative,2026,AAAI2026,https://ojs.aaai.org/index.php/AAAI/article/view/38283,https://github.com/lwCVer/RFD,,https://github.com/lwCVer/RFD,link-reachable,https://github.com/Jack-bo1220/Awesome-Remote-Sensing-Foundation-Models
GeoDiT,GeoDiT,GeoDiT: Point-Conditioned Diffusion Transformer for Satellite Image Synthesis,generative,2026,Arxiv2026,https://arxiv.org/abs/2603.02172,,,,link-reachable,https://github.com/Jack-bo1220/Awesome-Remote-Sensing-Foundation-Models
MetaEarth3D,MetaEarth3D,MetaEarth3D: Unlocking World-scale 3D Generation with Spatially Scalable Generative Modeling,generative,2026,Arxiv2026,https://arxiv.org/abs/2604.22828,,,,link-reachable,https://github.com/Jack-bo1220/Awesome-Remote-Sensing-Foundation-Models
CSP,CSP,CSP: Self-Supervised Contrastive Spatial Pre-Training for Geospatial-Visual Representations,vision_location,2023,ICML2023,https://arxiv.org/abs/2305.01118,,,https://gengchenmai.github.io/csp-website/,link-reachable,https://github.com/Jack-bo1220/Awesome-Remote-Sensing-Foundation-Models
GeoCLIP,GeoCLIP,GeoCLIP: Clip-Inspired Alignment between Locations and Images for Effective Worldwide Geo-localization,vision_location,2023,NeurIPS2023,https://arxiv.org/abs/2309.16020,,,https://vicentevivan.github.io/GeoCLIP/,link-reachable,https://github.com/Jack-bo1220/Awesome-Remote-Sensing-Foundation-Models
SatCLIP,SatCLIP,"SatCLIP: Global, General-Purpose Location Embeddings with Satellite Imagery",vision_location,2025,AAAI2025,https://arxiv.org/abs/2311.17179,https://github.com/microsoft/satclip,,https://github.com/microsoft/satclip,link-reachable,https://github.com/Jack-bo1220/Awesome-Remote-Sensing-Foundation-Models
GAIR,GAIR,GAIR: Location-Aware Self-Supervised Contrastive Pre-Training with Geo-Aligned Implicit Representations,vision_location,2025,Arxiv2025,https://arxiv.org/abs/2503.16683,https://github.com/zpl99/GAIR,,https://github.com/zpl99/GAIR,link-reachable,https://github.com/Jack-bo1220/Awesome-Remote-Sensing-Foundation-Models
RANGE,RANGE,RANGE: Retrieval Augmented Neural Fields for Multi-Resolution Geo-Embeddings,vision_location,2025,CVPR2025,https://arxiv.org/abs/2502.19781,,,,link-reachable,https://github.com/Jack-bo1220/Awesome-Remote-Sensing-Foundation-Models
Geo²,Geo²,Geo²: Geometry-Guided Cross-view Geo-Localization and Image Synthesis,vision_location,2026,CVPR2026,https://arxiv.org/abs/2603.25819,,,,link-reachable,https://github.com/Jack-bo1220/Awesome-Remote-Sensing-Foundation-Models
GeoBridge,GeoBridge,GeoBridge: A Semantic-Anchored Multi-View Foundation Model Bridging Images and Text for Geo-Localization,vision_location,2026,CVPR2026,https://arxiv.org/abs/2512.02697,https://github.com/MiliLab/GeoBridge,,https://github.com/MiliLab/GeoBridge,link-reachable,https://github.com/Jack-bo1220/Awesome-Remote-Sensing-Foundation-Models
Self-supervised audiovisual representation learning for remote sensing data,,Self-supervised audiovisual representation learning for remote sensing data,vision_audio,2022,JAG2022,https://www.sciencedirect.com/science/article/pii/S1569843222003181,https://github.com/khdlr/SoundingEarth,,https://github.com/khdlr/SoundingEarth,link-reachable,https://github.com/Jack-bo1220/Awesome-Remote-Sensing-Foundation-Models
GeoBind,GeoBind,"GeoBind: Binding Text, Image, and Audio through Satellite Images",vision_audio,2024,IGARSS2024,https://arxiv.org/abs/2404.11720,,,,link-reachable,https://github.com/Jack-bo1220/Awesome-Remote-Sensing-Foundation-Models
PSM,PSM,PSM: Learning Probabilistic Embeddings for Multi-scale Zero-Shot Soundscape Mapping,vision_audio,2024,ACM MM 2024,https://arxiv.org/abs/2408.07050,https://github.com/mvrl/PSM,,https://github.com/mvrl/PSM,link-reachable,https://github.com/Jack-bo1220/Awesome-Remote-Sensing-Foundation-Models
Sat2Sound,Sat2Sound,Sat2Sound: A Unified Framework for Zero-Shot Soundscape Mapping,vision_audio,2025,Arxiv2025,https://arxiv.org/abs/2505.13777,,,,link-reachable,https://github.com/Jack-bo1220/Awesome-Remote-Sensing-Foundation-Models
